faa,name
04G,Lansdowne Airport
06A,Moton Field Municipal Airport
06C,Schaumburg Regional
06N,Randall Airport
09J,Jekyll Island Airport
0A9,Elizabethton Municipal Airport
0G6,Williams County Airport
0G7,Finger Lakes Regional Airport
0P2,Shoestring Aviation Airfield
0S9,Jefferson County Intl
0W3,Harford County Airport
10C,Galt Field Airport
17G,Port Bucyrus-Crawford County Airport
19A,Jackson County Airport
1A3,Martin Campbell Field Airport
1B9,Mansfield Municipal
1C9,Frazier Lake Airpark
1CS,Clow International Airport
1G3,Kent State Airport
1G4,Grand Canyon West Airport
1H2,Effingham Memorial Airport
1OH,Fortman Airport
1RL,Point Roberts Airpark
23M,Clarke CO
24C,Lowell City Airport
24J,Suwannee County Airport
25D,Forest Lake Airport
29D,Grove City Airport
2A0,Mark Anton Airport
2B2,Plum Island Airport
2G2,Jefferson County Airpark
2G9,Somerset County Airport
2H0,Shelby County Airport
2J9,Quincy Municipal Airport
369,Atmautluak Airport
36U,Heber City Municipal Airport
38W,Lynden Airport
3D2,Ephraim-Gibraltar Airport
3G3,Wadsworth Municipal
3G4,Ashland County Airport
3J1,Ridgeland Airport
3W2,Put-in-Bay Airport
40J,Perry-Foley Airport
41N,Braceville Airport
47A,Cherokee County Airport
49A,Gilmer County Airport
49X,Chemehuevi Valley
4A4,Polk County Airport - Cornelius Moore Field
4A7,Clayton County Tara Field
4A9,Isbell Field Airport
4B8,Robertson Field
4G0,Pittsburgh-Monroeville Airport
4G2,Hamburg Inc Airport
4G4,Youngstown Elser Metro Airport
4I7,Putnam County Airport
4U9,Dell Flight Strip
52A,Madison GA Municipal Airport
54J,DeFuniak Springs Airport
55J,Fernandina Beach Municipal Airport
55S,Packwood
57C,East Troy Municipal Airport
5B2,Saratoga County Airport
60J,Ocean Isle Beach Airport
6A2,Griffin-Spalding County Airport
6J4,Saluda County
6K8,Tok Junction Airport
6S0,Big Timber Airport
6S2,Florence
6Y8,Welke Airport
70J,Cairo-Grady County Airport
70N,Spring Hill Airport
7A4,Foster Field
7D9,Germack Airport
7N7,Spitfire Aerodrome
8M8,Garland Airport
93C,Richland Airport
99N,Bamberg County Airport
9A1,Covington Municipal Airport
9A5,Barwick Lafayette Airport
9G1,Rock Airport
A39,Phoenix Regional Airport
A50,Colorado Springs East
AAF,Apalachicola Regional Airport
AAP,Andrau Airport
ABE,Lehigh Valley Intl
ABI,Abilene Rgnl
ABL,Ambler Airport
ABQ,Albuquerque International Sunport
ABR,Aberdeen Regional Airport
ABY,Southwest Georgia Regional Airport
ACJ,Jimmy Carter Regional
ACK,Nantucket Mem
ACT,Waco Rgnl
ACV,Arcata
ACY,Atlantic City Intl
ADK,Adak Airport
ADM,Ardmore Muni
ADQ,Kodiak
ADS,Addison
ADW,Andrews Afb
AET,Allakaket Airport
AEX,Alexandria Intl
AFE,Kake Airport
AFW,Fort Worth Alliance Airport
AGC,Allegheny County Airport
AGN,Angoon Seaplane Base
AGS,Augusta Rgnl At Bush Fld
AHN,Athens Ben Epps Airport
AIA,Alliance Municipal Airport
AIK,Municipal Airport
AIN,Wainwright Airport
AIZ,Lee C Fine Memorial Airport
AKB,Atka Airport
AKC,Akron Fulton Intl
AKI,Akiak Airport
AKK,Akhiok Airport
AKN,King Salmon
AKP,Anaktuvuk Pass Airport
ALB,Albany Intl
ALI,Alice Intl
ALM,Alamogordo White Sands Regional Airport
ALO,Waterloo Regional Airport
ALS,San Luis Valley Regional Airport
ALW,Walla Walla Regional Airport
ALX,Alexandria
ALZ,Alitak Seaplane Base
AMA,Rick Husband Amarillo Intl
ANB,Anniston Metro
ANC,Ted Stevens Anchorage Intl
AND,Anderson Rgnl
ANI,Aniak Airport
ANN,Annette Island
ANP,Lee Airport
ANQ,Tri-State Steuben County Airport
ANV,Anvik Airport
AOH,Lima Allen County Airport
AOO,Altoona Blair Co
AOS,Amook Bay Seaplane Base
APA,Centennial
APC,Napa County Airport
APF,Naples Muni
APG,Phillips Aaf
APN,Alpena County Regional Airport
AQC,Klawock Seaplane Base
ARA,Acadiana Rgnl
ARB,Ann Arbor Municipal Airport
ARC,Arctic Village Airport
ART,Watertown Intl
ARV,Lakeland
ASE,Aspen Pitkin County Sardy Field
ASH,Boire Field Airport
AST,Astoria Regional Airport
ATK,Atqasuk Edward Burnell Sr Memorial Airport
ATL,Hartsfield Jackson Atlanta Intl
ATT,Camp Mabry Austin City
ATW,Appleton
ATY,Watertown Regional Airport
AUG,Augusta State
AUK,Alakanuk Airport
AUO,Auburn University Regional
AUS,Austin Bergstrom Intl
AUW,Wausau Downtown Airport
AVL,Asheville Regional Airport
AVO,Executive
AVP,Wilkes Barre Scranton Intl
AVW,Marana Regional
AVX,Avalon
AZA,Phoenix-Mesa Gateway
AZO,Kalamazoo
BAB,Beale Afb
BAD,Barksdale Afb
BAF,Barnes Municipal
BBX,Wings Field
BCE,Bryce Canyon
BCT,Boca Raton
BDE,Baudette Intl
BDL,Bradley Intl
BDR,Igor I Sikorsky Mem
BEC,Beech Factory Airport
BED,Laurence G Hanscom Fld
BEH,Southwest Michigan Regional Airport
BET,Bethel
BFD,Bradford Regional Airport
BFF,Western Nebraska Regional Airport
BFI,Boeing Fld King Co Intl
BFL,Meadows Fld
BFM,Mobile Downtown
BFP,Beaver Falls
BFT,Beaufort
BGE,Decatur County Industrial Air Park
BGM,Greater Binghamton Edwin A Link Fld
BGR,Bangor Intl
BHB,Hancock County - Bar Harbor
BHM,Birmingham Intl
BID,Block Island State Airport
BIF,Biggs Aaf
BIG,Allen Aaf
BIL,Billings Logan International Airport
BIS,Bismarck Municipal Airport
BIV,Tulip City Airport
BIX,Keesler Afb
BJC,Rocky Mountain Metropolitan Airport
BJI,Bemidji Regional Airport
BKC,Buckland Airport
BKD,Stephens Co
BKF,Buckley Afb
BKG,Branson LLC
BKH,Barking Sands Pmrf
BKL,Burke Lakefront Airport
BKW,Raleigh County Memorial Airport
BKX,Brookings Regional Airport
BLD,Boulder City Municipal Airport
BLF,Mercer County Airport
BLH,Blythe Airport
BLI,Bellingham Intl
BLV,Scott Afb Midamerica
BMC,Brigham City
BMG,Monroe County Airport
BMI,Central Illinois Rgnl
BMT,Beaumont Municipal
BMX,Big Mountain Afs
BNA,Nashville Intl
BOI,Boise Air Terminal
BOS,General Edward Lawrence Logan Intl
BOW,Bartow Municipal Airport
BPT,Southeast Texas Rgnl
BQK,Brunswick Golden Isles Airport
BRD,Brainerd Lakes Rgnl
BRL,Southeast Iowa Regional Airport
BRO,Brownsville South Padre Island Intl
BRW,Wiley Post Will Rogers Mem
BSF,Bradshaw Aaf
BTI,Barter Island Lrrs
BTM,Bert Mooney Airport
BTR,Baton Rouge Metro Ryan Fld
BTT,Bettles
BTV,Burlington Intl
BUF,Buffalo Niagara Intl
BUR,Bob Hope
BUU,Municipal Airport
BUY,Burlington-Alamance Regional Airport
BVY,Beverly Municipal Airport
BWD,KBWD
BWG,Bowling Green-Warren County Regional Airport
BWI,Baltimore Washington Intl
BXK,Buckeye Municipal Airport
BXS,Borrego Valley Airport
BYH,Arkansas Intl
BYS,Bicycle Lake Aaf
BYW,Blakely Island Airport
BZN,Gallatin Field
C02,Grand Geneva Resort Airport
C16,Frasca Field
C47,Portage Municipal Airport
C65,Plymouth Municipal Airport
C89,Sylvania Airport
C91,Dowagiac Municipal Airport
CAE,Columbia Metropolitan
CAK,Akron Canton Regional Airport
CAR,Caribou Muni
CBE,Greater Cumberland Rgnl.
CBM,Columbus Afb
CCO,Coweta County Airport
CCR,Buchanan Field Airport
CDB,Cold Bay
CDC,Cedar City Rgnl
CDI,Cambridge Municipal Airport
CDK,CedarKey
CDN,Woodward Field
CDR,Chadron Municipal Airport
CDS,Childress Muni
CDV,Merle K Mudhole Smith
CDW,Caldwell Essex County Airport
CEC,Del Norte County Airport
CEF,Westover Arb Metropolitan
CEM,Central Airport
CEU,Clemson
CEW,Bob Sikes
CEZ,Cortez Muni
CFD,Coulter Fld
CGA,Craig Seaplane Base
CGC,Crystal River
CGF,Cuyahoga County
CGI,Cape Girardeau Regional Airport
CGX,Meigs Field
CGZ,Casa Grande Municipal Airport
CHA,Lovell Fld
CHI,All Airports
CHO,Charlottesville-Albemarle
CHS,Charleston Afb Intl
CHU,Chuathbaluk Airport
CIC,Chico Muni
CID,Cedar Rapids
CIK,Chalkyitsik Airport
CIL,Council Airport
CIU,Chippewa County International Airport
CKB,Harrison Marion Regional Airport
CKD,Crooked Creek Airport
CKF,Crisp County Cordele Airport
CKV,Clarksville-Montgomery County Regional Airport
CLC,Clear Lake Metroport
CLD,McClellan-Palomar Airport
CLE,Cleveland Hopkins Intl
CLL,Easterwood Fld
CLM,William R Fairchild International Airport
CLS,Chehalis-Centralia
CLT,Charlotte Douglas Intl
CLW,Clearwater Air Park
CMH,Port Columbus Intl
CMI,Champaign
CMX,Houghton County Memorial Airport
CNM,Cavern City Air Terminal
CNW,Tstc Waco
CNY,Canyonlands Field
COD,Yellowstone Rgnl
COE,Pappy Boyington
COF,Patrick Afb
COI,Merritt Island Airport
CON,Concord Municipal
COS,City Of Colorado Springs Muni
COT,Cotulla Lasalle Co
COU,Columbia Rgnl
CPR,Natrona Co Intl
CPS,St. Louis Downtown Airport
CRE,Grand Strand Airport
CRP,Corpus Christi Intl
CRW,Yeager
CSG,Columbus Metropolitan Airport
CTB,Cut Bank Muni
CTH,Chester County G O Carlson Airport
CTJ,West Georgia Regional Airport - O V Gray Field
CTY,Cross City
CVG,Cincinnati Northern Kentucky Intl
CVN,Clovis Muni
CVO,Corvallis Muni
CVS,Cannon Afb
CVX,Charlevoix Municipal Airport
CWA,Central Wisconsin
CWI,Clinton Municipal
CWT,Chatsworth Station
CXF,Coldfoot Airport
CXL,Calexico Intl
CXO,Lone Star Executive
CXY,Capital City Airport
CYF,Chefornak Airport
CYM,Chatham Seaplane Base
CYS,Cheyenne Rgnl Jerry Olson Fld
CYT,Yakataga Airport
CZF,Cape Romanzof Lrrs
CZG,Tri-Cities
CZN,Chisana Airport
DAB,Daytona Beach Intl
DAL,Dallas Love Fld
DAW,Skyhaven Airport
DAY,James M Cox Dayton Intl
DBN,W H Barron Field
DBQ,Dubuque Rgnl
DCA,Ronald Reagan Washington Natl
DDC,Dodge City Regional Airport
DEC,Decatur
DEN,Denver Intl
DET,Coleman A Young Muni
DFW,Dallas Fort Worth Intl
DGL,Douglas Municipal Airport
DHB,Deer Harbor Seaplane
DHN,Dothan Rgnl
DHT,Dalhart Muni
DIK,Dickinson Theodore Roosevelt Regional Airport
DKB,De Kalb Taylor Municipal Airport
DKK,Chautauqua County-Dunkirk Airport
DKX,Knoxville Downtown Island Airport
DLF,Laughlin Afb
DLG,Dillingham
DLH,Duluth Intl
DLL,Baraboo Wisconsin Dells Airport
DMA,Davis Monthan Afb
DNL,Daniel Field Airport
DNN,Dalton Municipal Airport
DNV,Vermilion Regional
DOV,Dover Afb
DPA,Dupage
DQH,Douglas Municipal Airport
DRG,Deering Airport
DRI,Beauregard Rgnl
DRM,Drummond Island Airport
DRO,Durango La Plata Co
DRT,Del Rio Intl
DSM,Des Moines Intl
DTA,Delta Municipal Airport
DTS,Destin
DTW,Detroit Metro Wayne Co
DUC,Halliburton Field Airport
DUG,Bisbee Douglas Intl
DUJ,DuBois Regional Airport
DUT,Unalaska
DVL,Devils Lake Regional Airport
DVT,Deer Valley Municipal Airport
DWA,Yolo County Airport
DWH,David Wayne Hooks Field
DWS,Orlando
DXR,Danbury Municipal Airport
DYS,Dyess Afb
E25,Wickenburg Municipal Airport
E51,Bagdad Airport
E55,Ocean Ridge Airport
E63,Gila Bend Municipal Airport
E91,Chinle Municipal Airport
EAA,Eagle Airport
EAR,Kearney Municipal Airport
EAT,Pangborn Field
EAU,Chippewa Valley Regional Airport
ECA,Iosco County
ECG,Elizabeth City Cgas Rgnl
ECP,Panama City-NW Florida Bea.
EDF,Elmendorf Afb
EDW,Edwards Afb
EEK,Eek Airport
EEN,Dillant Hopkins Airport
EET,Shelby County Airport
EFD,Ellington Fld
EGA,Eagle County Airport
EGE,Eagle Co Rgnl
EGT,Wellington Municipal
EGV,Eagle River
EGX,Egegik Airport
EHM,Cape Newenham Lrrs
EIL,Eielson Afb
EKI,Elkhart Municipal
EKN,Elkins Randolph Co Jennings Randolph
EKO,Elko Regional Airport
EKY,Bessemer
ELD,South Arkansas Rgnl At Goodwin Fld
ELI,Elim Airport
ELM,Elmira Corning Rgnl
ELP,El Paso Intl
ELV,Elfin Cove Seaplane Base
ELY,Ely Airport
EMK,Emmonak Airport
EMP,Emporia Municipal Airport
ENA,Kenai Muni
END,Vance Afb
ENV,Wendover
ENW,Kenosha Regional Airport
EOK,Keokuk Municipal Airport
EPM,Eastport Municipal Airport
EQY,Monroe Reqional Airport
ERI,Erie Intl Tom Ridge Fld
ERV,Kerrville Municipal Airport
ERY,Luce County Airport
ESC,Delta County Airport
ESD,Orcas Island Airport
ESF,Esler Rgnl
ESN,Easton-Newnam Field Airport
EUF,Weedon Field
EUG,Mahlon Sweet Fld
EVV,Evansville Regional
EVW,Evanston-Uinta CO Burns Fld
EWB,New Bedford Regional Airport
EWK,Newton City-County Airport
EWN,Craven Co Rgnl
EWR,Newark Liberty Intl
EXI,Excursion Inlet Seaplane Base
EYW,Key West Intl
F57,Seaplane Base
FAF,Felker Aaf
FAI,Fairbanks Intl
FAR,Hector International Airport
FAT,Fresno Yosemite Intl
FAY,Fayetteville Regional Grannis Field
FBG,Fredericksburg Amtrak Station
FBK,Ladd Aaf
FBR,Fort Bridger
FBS,Friday Harbor Seaplane Base
FCA,Glacier Park Intl
FCM,Flying Cloud Airport
FCS,Butts Aaf
FDW,Fairfield County Airport
FDY,Findlay Airport
FFA,First Flight Airport
FFC,Atlanta Regional Airport - Falcon Field
FFO,Wright Patterson Afb
FFT,Capital City Airport
FFZ,Mesa Falcon Field
FHU,Sierra Vista Muni Libby Aaf
FIT,Fitchburg Municipal Airport
FKL,Franklin
FLD,Fond Du Lac County Airport
FLG,Flagstaff Pulliam Airport
FLL,Fort Lauderdale Hollywood Intl
FLO,Florence Rgnl
FLV,Sherman Aaf
FME,Tipton
FMH,Otis Angb
FMN,Four Corners Rgnl
FMY,Page Fld
FNL,Fort Collins Loveland Muni
FNR,Funter Bay Seaplane Base
FNT,Bishop International
FOD,Fort Dodge Rgnl
FOE,Forbes Fld
FOK,Francis S Gabreski
FRD,Friday Harbor Airport
FRI,Marshall Aaf
FRN,Bryant Ahp
FRP,St Lucie County International Airport
FSD,Sioux Falls
FSI,Henry Post Aaf
FSM,Fort Smith Rgnl
FST,Fort Stockton Pecos Co
FTK,Godman Aaf
FTW,Fort Worth Meacham Intl
FTY,Fulton County Airport Brown Field
FUL,Fullerton Municipal Airport
FWA,Fort Wayne
FXE,Fort Lauderdale Executive
FYU,Fort Yukon
FYV,Drake Fld
FZG,Fitzgerald Municipal Airport
FZI,Fostoria Metropolitan Airport
GAD,Northeast Alabama Regional Airport
GAI,Montgomery County Airpark
GAL,Edward G Pitka Sr
GAM,Gambell Airport
GBN,Great Bend Municipal
GCC,Gillette-Campbell County Airport
GCK,Garden City Rgnl
GCN,Grand Canyon National Park Airport
GCW,Grand Canyon West Airport
GDV,Dawson Community Airport
GDW,Gladwin Zettel Memorial Airport
GED,Sussex Co
GEG,Spokane Intl
GEU,Glendale Municipal Airport
GFK,Grand Forks Intl
GFL,Floyd Bennett Memorial Airport
GGE,Georgetown County Airport
GGG,East Texas Rgnl
GGW,Wokal Field Glasgow International Airport
GHG,Marshfield Municipal Airport
GIF,Gilbert Airport
GJT,Grand Junction Regional
GKN,Gulkana
GKY,Arlington Municipal
GLD,Renner Fld
GLH,Mid Delta Regional Airport
GLS,Scholes Intl At Galveston
GLV,Golovin Airport
GNT,Grants Milan Muni
GNU,Goodnews Airport
GNV,Gainesville Rgnl
GON,Groton New London
GPT,Gulfport-Biloxi
GPZ,Grand Rapids Itasca County
GQQ,Galion Municipal Airport
GRB,Austin Straubel Intl
GRF,Gray Aaf
GRI,Central Nebraska Regional Airport
GRK,Robert Gray Aaf
GRM,Grand Marais Cook County Airport
GRR,Gerald R Ford Intl
GSB,Seymour Johnson Afb
GSO,Piedmont Triad
GSP,Greenville-Spartanburg International
GST,Gustavus Airport
GTB,Wheeler Sack Aaf
GTF,Great Falls Intl
GTR,Golden Triangle Regional Airport
GTU,Georgetown Municipal Airport
GUC,Gunnison - Crested Butte
GUP,Gallup Muni
GUS,Grissom Arb
GVL,Lee Gilmer Memorial Airport
GVQ,Genesee County Airport
GVT,Majors
GWO,Greenwood Leflore
GYY,Gary Chicago International Airport
HBG,Hattiesburg Bobby L. Chain Municipal Airport
HBR,Hobart Muni
HCC,Columbia County
HCR,Holy Cross Airport
HDH,Dillingham
HDI,Hardwick Field Airport
HDN,Yampa Valley
HDO,Hondo Municipal Airport
HFD,Hartford Brainard
HGR,Hagerstown Regional Richard A Henson Field
HHH,Hilton Head
HHI,Wheeler Aaf
HHR,Jack Northrop Fld Hawthorne Muni
HIB,Chisholm Hibbing
HIF,Hill Afb
HII,Lake Havasu City Airport
HIO,Portland Hillsboro
HKB,Healy River Airport
HKY,Hickory Rgnl
HLG,Wheeling Ohio County Airport
HLN,Helena Rgnl
HLR,Hood Aaf
HMN,Holloman Afb
HNH,Hoonah Airport
HNL,Honolulu Intl
HNM,Hana
HNS,Haines Airport
HOB,Lea Co Rgnl
HOM,Homer
HON,Huron Rgnl
HOP,Campbell Aaf
HOT,Memorial Field
HOU,William P Hobby
HPB,Hooper Bay Airport
HPN,Westchester Co
HQM,Bowerman Field
HQU,McDuffie County Airport
HRL,Valley Intl
HRO,Boone Co
HRT,Hurlburt Fld
HSH,Henderson Executive Airport
HSL,Huslia Airport
HST,Homestead Arb
HSV,Huntsville International Airport-Carl T Jones Field
HTL,Roscommon Co
HTS,Tri State Milton J Ferguson Field
HUA,Redstone Aaf
HUF,Terre Haute Intl Hulman Fld
HUL,Houlton Intl
HUS,Hughes Airport
HUT,Hutchinson Municipal Airport
HVN,Tweed-New Haven Airport
HVR,Havre City Co
HWD,Hayward Executive Airport
HWO,North Perry
HXD,Hilton Head Airport
HYA,Barnstable Muni Boardman Polando Fld
HYG,Hydaburg Seaplane Base
HYL,Hollis Seaplane Base
HYS,Hays Regional Airport
HZL,Hazleton Municipal
IAB,Mc Connell Afb
IAD,Washington Dulles Intl
IAG,Niagara Falls Intl
IAH,George Bush Intercontinental
IAN,Bob Baker Memorial Airport
ICT,Wichita Mid Continent
ICY,Icy Bay Airport
IDA,Idaho Falls Rgnl
IDL,Idlewild Intl
IFP,Laughlin-Bullhead Intl
IGG,Igiugig Airport
IGM,Kingman Airport
IGQ,Lansing Municipal
IJD,Windham Airport
IKK,Greater Kankakee
IKO,Nikolski Air Station
IKR,Kirtland Air Force Base
IKV,Ankeny Regl Airport
ILG,New Castle
ILI,Iliamna
ILM,Wilmington Intl
ILN,Wilmington Airborne Airpark
IMM,Immokalee
IMT,Ford Airport
IND,Indianapolis Intl
INJ,Hillsboro Muni
INK,Winkler Co
INL,Falls Intl
INS,Creech Afb
INT,Smith Reynolds
INW,Winslow-Lindbergh Regional Airport
IOW,Iowa City Municipal Airport
IPL,Imperial Co
IPT,Williamsport Rgnl
IRC,Circle City Airport
IRK,Kirksville Regional Airport
ISM,Kissimmee Gateway Airport
ISN,Sloulin Fld Intl
ISO,Kinston Regional Jetport
ISP,Long Island Mac Arthur
ISW,Alexander Field South Wood County Airport
ITH,Ithaca Tompkins Rgnl
ITO,Hilo Intl
IWD,Gogebic Iron County Airport
IWS,West Houston
IYK,Inyokern Airport
IZG,Eastern Slopes Regional
JAC,Jackson Hole Airport
JAN,Jackson Evers Intl
JAX,Jacksonville Intl
JBR,Jonesboro Muni
JCI,New Century AirCenter Airport
JEF,Jefferson City Memorial Airport
JES,Jesup-Wayne County Airport
JFK,John F Kennedy Intl
JGC,Grand Canyon Heliport
JHM,Kapalua
JHW,Chautauqua County-Jamestown
JKA,Jack Edwards Airport
JLN,Joplin Rgnl
JMS,Jamestown Regional Airport
JNU,Juneau Intl
JOT,Regional Airport
JRA,West 30th St. Heliport
JRB,Wall Street Heliport
JST,John Murtha Johnstown-Cambria County Airport
JVL,Southern Wisconsin Regional Airport
JXN,Reynolds Field
JYL,Plantation Airpark
JYO,Leesburg Executive Airport
JZP,Pickens County Airport
K03,Wainwright As
K27,Burrello-Mechanicville Airport
K83,Sabetha Municipal
KAE,Kake Seaplane Base
KAL,Kaltag Airport
KBC,Birch Creek Airport
KBW,Chignik Bay Seaplane Base
KCC,Coffman Cove Seaplane Base
KCL,Chignik Lagoon Airport
KCQ,Chignik Lake Airport
KEH,Kenmore Air Harbor Inc Seaplane Base
KEK,Ekwok Airport
KFP,False Pass Airport
KGK,Koliganek Airport
KGX,Grayling Airport
KKA,Koyuk Alfred Adams Airport
KKB,Kitoi Bay Seaplane Base
KKH,Kongiganak Airport
KLG,Kalskag Airport
KLL,Levelock Airport
KLN,Larsen Bay Airport
KLS,Kelso Longview
KLW,Klawock Airport
KMO,Manokotak Airport
KMY,Moser Bay Seaplane Base
KNW,New Stuyahok Airport
KOA,Kona Intl At Keahole
KOT,Kotlik Airport
KOY,Olga Bay Seaplane Base
KOZ,Ouzinkie Airport
KPB,Point Baker Seaplane Base
KPC,Port Clarence Coast Guard Station
KPN,Kipnuk Airport
KPR,Port Williams Seaplane Base
KPV,Perryville Airport
KPY,Port Bailey Seaplane Base
KQA,Akutan Seaplane Base
KSM,St Marys Airport
KTB,Thorne Bay Seaplane Base
KTN,Ketchikan Intl
KTS,Brevig Mission Airport
KUK,Kasigluk Airport
KVC,King Cove Airport
KVL,Kivalina Airport
KWK,Kwigillingok Airport
KWN,Quinhagak Airport
KWP,West Point Village Seaplane Base
KWT,Kwethluk Airport
KYK,Karuluk Airport
KYU,Koyukuk Airport
KZB,Zachar Bay Seaplane Base
L06,Furnace Creek
L35,Big Bear City
L52,Oceano County Airport
LAA,Lamar Muni
LAF,Purude University Airport
LAL,Lakeland Linder Regional Airport
LAM,Los Alamos Airport
LAN,Capital City
LAR,Laramie Regional Airport
LAS,Mc Carran Intl
LAW,Lawton-Fort Sill Regional Airport
LAX,Los Angeles Intl
LBB,Lubbock Preston Smith Intl
LBE,Arnold Palmer Regional Airport
LBF,North Platte Regional Airport Lee Bird Field
LBL,Liberal Muni
LBT,Municipal Airport
LCH,Lake Charles Rgnl
LCK,Rickenbacker Intl
LCQ,Lake City Municipal Airport
LDJ,Linden Airport
LEB,Lebanon Municipal Airport
LEW,Lewiston Maine
LEX,Blue Grass
LFI,Langley Afb
LFK,Angelina Co
LFT,Lafayette Rgnl
LGA,La Guardia
LGB,Long Beach
LGC,LaGrange-Callaway Airport
LGU,Logan-Cache
LHD,Lake Hood Seaplane Base
LHM,Lincoln Regional Airport Karl Harder Field
LHV,William T. Piper Mem.
LHX,La Junta Muni
LIH,Lihue
LIT,Adams Fld
LIV,Livingood Airport
LKE,Kenmore Air Harbor Seaplane Base
LKK,Kulik Lake Airport
LKP,Lake Placid Airport
LMT,Klamath Falls Airport
LNA,Palm Beach Co Park
LNK,Lincoln
LNN,Lost Nation Municipal Airport
LNR,Tri-County Regional Airport
LNS,Lancaster Airport
LNY,Lanai
LOT,Lewis University Airport
LOU,Bowman Fld
LOZ,London-Corbin Airport-MaGee Field
LPC,Lompoc Airport
LPR,Lorain County Regional Airport
LPS,Lopez Island Airport
LRD,Laredo Intl
LRF,Little Rock Afb
LRO,Mount Pleasant Regional-Faison Field
LRU,Las Cruces Intl
LSE,La Crosse Municipal
LSF,Lawson Aaf
LSV,Nellis Afb
LTS,Altus Afb
LUF,Luke Afb
LUK,Cincinnati Muni Lunken Fld
LUP,Kalaupapa Airport
LUR,Cape Lisburne Lrrs
LVK,Livermore Municipal
LVM,Mission Field Airport
LVS,Las Vegas Muni
LWA,South Haven Area Regional Airport
LWB,Greenbrier Valley Airport
LWC,Lawrence Municipal
LWM,Lawrence Municipal Airport
LWS,Lewiston Nez Perce Co
LWT,Lewistown Municipal Airport
LXY,Mexia - Limestone County Airport
LYH,Lynchburg Regional Preston Glenn Field
LYU,Ely Municipal
LZU,Gwinnett County Airport-Briscoe Field
M94,Desert Aire
MAE,Madera Municipal Airport
MAF,Midland Intl
MBL,Manistee County-Blacker Airport
MBS,Mbs Intl
MCC,Mc Clellan Afld
MCD,Mackinac Island Airport
MCE,Merced Municipal Airport
MCF,Macdill Afb
MCG,McGrath Airport
MCI,Kansas City Intl
MCK,McCook Regional Airport
MCL,McKinley National Park Airport
MCN,Middle Georgia Rgnl
MCO,Orlando Intl
MCW,Mason City Municipal
MDT,Harrisburg Intl
MDW,Chicago Midway Intl
ME5,Banks Airport
MEI,Key Field
MEM,Memphis Intl
MER,Castle
MFD,Mansfield Lahm Regional
MFE,Mc Allen Miller Intl
MFI,Marshfield Municipal Airport
MFR,Rogue Valley Intl Medford
MGC,Michigan City Municipal Airport
MGE,Dobbins Arb
MGJ,Orange County Airport
MGM,Montgomery Regional Airport
MGR,Moultrie Municipal Airport
MGW,Morgantown Muni Walter L Bill Hart Fld
MGY,Dayton-Wright Brothers Airport
MHK,Manhattan Reigonal
MHM,Minchumina Airport
MHR,Sacramento Mather
MHT,Manchester Regional Airport
MHV,Mojave
MIA,Miami Intl
MIB,Minot Afb
MIC,Crystal Airport
MIE,Delaware County Airport
MIV,Millville Muni
MKC,Downtown
MKE,General Mitchell Intl
MKG,Muskegon County Airport
MKK,Molokai
MKL,Mc Kellar Sipes Rgnl
MKO,Davis Fld
MLB,Melbourne Intl
MLC,Mc Alester Rgnl
MLD,Malad City
MLI,Quad City Intl
MLJ,Baldwin County Airport
MLL,Marshall Don Hunter Sr. Airport
MLS,Frank Wiley Field
MLT,Millinocket Muni
MLU,Monroe Rgnl
MLY,Manley Hot Springs Airport
MMH,Mammoth Yosemite Airport
MMI,McMinn Co
MMU,Morristown Municipal Airport
MMV,Mc Minnville Muni
MNM,Menominee Marinette Twin Co
MNT,Minto Airport
MNZ,Manassas
MOB,Mobile Rgnl
MOD,Modesto City Co Harry Sham
MOT,Minot Intl
MOU,Mountain Village Airport
MPB,Miami Seaplane Base
MPI,MariposaYosemite
MPV,Edward F Knapp State
MQB,Macomb Municipal Airport
MQI,Dare County Regional
MQT,Sawyer International Airport
MRB,Eastern WV Regional Airport
MRI,Merrill Fld
MRK,Marco Islands
MRN,Foothills Regional Airport
MRY,Monterey Peninsula
MSL,Northwest Alabama Regional Airport
MSN,Dane Co Rgnl Truax Fld
MSO,Missoula Intl
MSP,Minneapolis St Paul Intl
MSS,Massena Intl Richards Fld
MSY,Louis Armstrong New Orleans Intl
MTC,Selfridge Angb
MTH,Florida Keys Marathon Airport
MTJ,Montrose Regional Airport
MTM,Metlakatla Seaplane Base
MTN,Martin State
MUE,Waimea Kohala
MUI,Muir Aaf
MUO,Mountain Home Afb
MVL,Morrisville Stowe State Airport
MVY,Martha\\'s Vineyard
MWA,Williamson Country Regional Airport
MWC,Lawrence J Timmerman Airport
MWH,Grant Co Intl
MWL,Mineral Wells
MWM,Windom Municipal Airport
MXF,Maxwell Afb
MXY,McCarthy Airport
MYF,Montgomery Field
MYL,McCall Municipal Airport
MYR,Myrtle Beach Intl
MYU,Mekoryuk Airport
MYV,Yuba County Airport
MZJ,Pinal Airpark
N53,Stroudsburg-Pocono Airport
N69,Stormville Airport
N87,Trenton-Robbinsville Airport
NBG,New Orleans Nas Jrb
NBU,Naval Air Station
NCN,Chenega Bay Airport
NEL,Lakehurst Naes
NEW,Lakefront
NFL,Fallon Nas
NGF,Kaneohe Bay Mcaf
NGP,Corpus Christi NAS
NGU,Norfolk Ns
NGZ,NAS Alameda
NHK,Patuxent River Nas
NIB,Nikolai Airport
NID,China Lake Naws
NIP,Jacksonville Nas
NJK,El Centro Naf
NKT,Cherry Point Mcas
NKX,Miramar Mcas
NLC,Lemoore Nas
NLG,Nelson Lagoon
NME,Nightmute Airport
NMM,Meridian Nas
NNL,Nondalton Airport
NOW,Port Angeles Cgas
NPA,Pensacola Nas
NPZ,Porter County Municipal Airport
NQA,Millington Rgnl Jetport
NQI,Kingsville Nas
NQX,Key West Nas
NSE,Whiting Fld Nas North
NTD,Point Mugu Nas
NTU,Oceana Nas
NUI,Nuiqsut Airport
NUL,Nulato Airport
NUP,Nunapitchuk Airport
NUQ,Moffett Federal Afld
NUW,Whidbey Island Nas
NXP,Twentynine Palms Eaf
NXX,Willow Grove Nas Jrb
NY9,Long Lake
NYC,All Airports
NYG,Quantico Mcaf
NZC,Cecil Field
NZJ,El Toro
NZY,North Island Nas
O03,Morgantown Airport
O27,Oakdale Airport
OAJ,Albert J Ellis
OAK,Metropolitan Oakland Intl
OAR,Marina Muni
OBE,County
OBU,Kobuk Airport
OCA,Key Largo
OCF,International Airport
OEB,Branch County Memorial Airport
OFF,Offutt Afb
OGG,Kahului
OGS,Ogdensburg Intl
OJC,Johnson County Airport
OKC,Will Rogers World
OLF,LM Clayton Airport
OLH,Old Harbor Airport
OLM,Olympia Regional Airpor
OLS,Nogales Intl
OLT,San Diego Old Town Transit Center
OLV,Olive Branch Muni
OMA,Eppley Afld
OME,Nome
OMN,Ormond Beach municipal Airport
ONH,Oneonta Municipal Airport
ONP,Newport Municipal Airport
ONT,Ontario Intl
OOK,Toksook Bay Airport
OPF,Opa Locka
OQN,Brandywine Airport
OQU,Quonset State Airport
ORD,Chicago Ohare Intl
ORF,Norfolk Intl
ORH,Worcester Regional Airport
ORI,Port Lions Airport
ORL,Executive
ORT,Northway
ORV,Robert Curtis Memorial Airport
OSC,Oscoda Wurtsmith
OSH,Wittman Regional Airport
OSU,Ohio State University Airport
OTH,Southwest Oregon Regional Airport
OTS,Anacortes Airport
OTZ,Ralph Wien Mem
OWB,Owensboro Daviess County Airport
OWD,Norwood Memorial Airport
OXC,Waterbury-Oxford Airport
OXD,Miami University Airport
OXR,Oxnard - Ventura County
OZA,Ozona Muni
P08,Coolidge Municipal Airport
P52,Cottonwood Airport
PAE,Snohomish Co
PAH,Barkley Regional Airport
PAM,Tyndall Afb
PAO,Palo Alto Airport of Santa Clara County
PAQ,Palmer Muni
PBF,Grider Fld
PBG,Plattsburgh Intl
PBI,Palm Beach Intl
PBV,St George
PBX,Pike County Airport - Hatcher Field
PCW,Erie-Ottawa Regional Airport
PCZ,Waupaca Municipal Airport
PDB,Pedro Bay Airport
PDK,Dekalb-Peachtree Airport
PDT,Eastern Oregon Regional Airport
PDX,Portland Intl
PEC,Pelican Seaplane Base
PEQ,Pecos Municipal Airport
PFN,Panama City Bay Co Intl
PGA,Page Municipal Airport
PGD,Charlotte County-Punta Gorda Airport
PGV,Pitt-Greenville Airport
PHD,Harry Clever Field Airport
PHF,Newport News Williamsburg Intl
PHK,Pahokee Airport
PHL,Philadelphia Intl
PHN,St Clair Co Intl
PHO,Point Hope Airport
PHX,Phoenix Sky Harbor Intl
PIA,Peoria Regional
PIB,Hattiesburg Laurel Regional Airport
PIE,St Petersburg Clearwater Intl
PIH,Pocatello Regional Airport
PIM,Harris County Airport
PIP,Pilot Point Airport
PIR,Pierre Regional Airport
PIT,Pittsburgh Intl
PIZ,Point Lay Lrrs
PKB,Mid-Ohio Valley Regional Airport
PLN,Pellston Regional Airport of Emmet County Airport
PMB,Pembina Muni
PMD,Palmdale Rgnl Usaf Plt 42
PML,Port Moller Airport
PMP,Pompano Beach Airpark
PNC,Ponca City Rgnl
PNE,Northeast Philadelphia
PNM,Princeton Muni
PNS,Pensacola Rgnl
POB,Pope Field
POC,Brackett Field
POE,Polk Aaf
POF,Poplar Bluff Municipal Airport
PPC,Prospect Creek Airport
PPV,Port Protection Seaplane Base
PQI,Northern Maine Rgnl At Presque Isle
PQS,Pilot Station Airport
PRC,Ernest A Love Fld
PRL,Port Oceanic Airport
PSC,Tri Cities Airport
PSG,Petersburg James A. Johnson
PSM,Pease International Tradeport
PSP,Palm Springs Intl
PSX,Palacios Muni
PTA,Port Alsworth Airport
PTB,Dinwiddie County Airport
PTH,Port Heiden Airport
PTK,Oakland Co. Intl
PTU,Platinum
PUB,Pueblo Memorial
PUC,Carbon County Regional-Buck Davis Field
PUW,Pullman-Moscow Rgnl
PVC,Provincetown Muni
PVD,Theodore Francis Green State
PVU,Provo Municipal Airport
PWK,Chicago Executive
PWM,Portland Intl Jetport
PWT,Bremerton National
PYM,Plymouth Municipal Airport
PYP,Centre-Piedmont-Cherokee County Regional Airport
R49,Ferry County Airport
RAC,John H. Batten Airport
RAL,Riverside Muni
RAP,Rapid City Regional Airport
RBD,Dallas Executive Airport
RBK,French Valley Airport
RBM,Robinson Aaf
RBN,Fort Jefferson
RBY,Ruby Airport
RCA,Ellsworth Afb
RCE,Roche Harbor Seaplane Base
RCZ,Richmond County Airport
RDD,Redding Muni
RDG,Reading Regional Carl A Spaatz Field
RDM,Roberts Fld
RDR,Grand Forks Afb
RDU,Raleigh Durham Intl
RDV,Red Devil Airport
REI,Redlands Municipal Airport
RFD,Chicago Rockford International Airport
RHI,Rhinelander Oneida County Airport
RIC,Richmond Intl
RID,Richmond Municipal Airport
RIF,Richfield Minicipal Airport
RIL,Garfield County Regional Airport
RIR,Flabob Airport
RIU,Rancho Murieta
RIV,March Arb
RIW,Riverton Regional
RKD,Knox County Regional Airport
RKH,Rock Hill York Co Bryant Airport
RKP,Aransas County Airport
RKS,Rock Springs Sweetwater County Airport
RME,Griffiss Afld
RMG,Richard B Russell Airport
RMP,Rampart Airport
RMY,Brooks Field Airport
RND,Randolph Afb
RNM,Ramona Airport
RNO,Reno Tahoe Intl
RNT,Renton
ROA,Roanoke Regional
ROC,Greater Rochester Intl
ROW,Roswell Intl Air Center
RSH,Russian Mission Airport
RSJ,Rosario Seaplane Base
RST,Rochester
RSW,Southwest Florida Intl
RUT,Rutland State Airport
RVS,Richard Lloyd Jones Jr Airport
RWI,Rocky Mount Wilson Regional Airport
RWL,Rawlins Municipal Airport-Harvey Field
RYY,Cobb County Airport-Mc Collum Field
S30,Lebanon State
S40,Prosser
S46,Port O\\'Connor Airfield
SAA,Shively Field Airport
SAC,Sacramento Executive
SAD,Safford Regional Airport
SAF,Santa Fe Muni
SAN,San Diego Intl
SAT,San Antonio Intl
SAV,Savannah Hilton Head Intl
SBA,Santa Barbara Muni
SBD,San Bernardino International Airport
SBM,Sheboygan County Memorial Airport
SBN,South Bend Rgnl
SBO,Emanuel Co
SBP,San Luis County Regional Airport
SBS,Steamboat Springs Airport-Bob Adams Field
SBY,Salisbury Ocean City Wicomico Rgnl
SCC,Deadhorse
SCE,University Park Airport
SCH,Stratton ANGB - Schenectady County Airpor
SCK,Stockton Metropolitan
SCM,Scammon Bay Airport
SDC,Williamson-Sodus Airport
SDF,Louisville International Airport
SDM,Brown Field Municipal Airport
SDP,Sand Point Airport
SDX,Sedona
SDY,Sidney-Richland Municipal Airport
SEA,Seattle Tacoma Intl
SEE,Gillespie
SEF,Regional - Hendricks AAF
SEM,Craig Fld
SES,Selfield Airport
SFB,Orlando Sanford Intl
SFF,Felts Fld
SFM,Sanford Regional
SFO,San Francisco Intl
SFZ,North Central State
SGF,Springfield Branson Natl
SGH,Springfield-Beckly Municipal Airport
SGJ,St. Augustine Airport
SGR,Sugar Land Regional Airport
SGU,St George Muni
SGY,Skagway Airport
SHD,Shenandoah Valley Regional Airport
SHG,Shungnak Airport
SHH,Shishmaref Airport
SHR,Sheridan County Airport
SHV,Shreveport Rgnl
SHX,Shageluk Airport
SIK,Sikeston Memorial Municipal
SIT,Sitka Rocky Gutierrez
SJC,Norman Y Mineta San Jose Intl
SJT,San Angelo Rgnl Mathis Fld
SKA,Fairchild Afb
SKF,Lackland Afb Kelly Fld Annex
SKK,Shaktoolik Airport
SKY,Griffing Sandusky
SLC,Salt Lake City Intl
SLE,McNary Field
SLK,Adirondack Regional Airport
SLN,Salina Municipal Airport
SLQ,Sleetmute Airport
SMD,Smith Fld
SME,Lake Cumberland Regional Airport
SMF,Sacramento Intl
SMK,St. Michael Airport
SMN,Lemhi County Airport
SMO,Santa Monica Municipal Airport
SMX,Santa Maria Pub Cpt G Allan Hancock Airport
SNA,John Wayne Arpt Orange Co
SNP,St Paul Island
SNY,Sidney Muni Airport
SOP,Moore County Airport
SOW,Show Low Regional Airport
SPB,Scappoose Industrial Airpark
SPF,Black Hills Airport-Clyde Ice Field
SPG,Albert Whitted
SPI,Abraham Lincoln Capital
SPS,Sheppard Afb Wichita Falls Muni
SPW,Spencer Muni
SPZ,Silver Springs Airport
SQL,San Carlos Airport
SRQ,Sarasota Bradenton Intl
SRR,Sierra Blanca Regional Airport
SRV,Stony River 2 Airport
SSC,Shaw Afb
SSI,McKinnon Airport
STC,Saint Cloud Regional Airport
STE,Stevens Point Municipal Airport
STG,St. George Airport
STJ,Rosecrans Mem
STK,Sterling Municipal Airport
STL,Lambert St Louis Intl
STS,Charles M Schulz Sonoma Co
SUA,Witham Field Airport
SUE,Door County Cherryland Airport
SUN,Friedman Mem
SUS,Spirit Of St Louis
SUU,Travis Afb
SUX,Sioux Gateway Col Bud Day Fld
SVA,Savoonga Airport
SVC,Grant County Airport
SVH,Regional Airport
SVN,Hunter Aaf
SVW,Sparrevohn Lrrs
SWD,Seward Airport
SWF,Stewart Intl
SXP,Sheldon Point Airport
SXQ,Soldotna Airport
SYA,Eareckson As
SYB,Seal Bay Seaplane Base
SYR,Syracuse Hancock Intl
SZL,Whiteman Afb
TAL,Tanana Airport
TAN,Taunton Municipal Airport - King Field
TBN,Waynesville Rgnl Arpt At Forney Fld
TCC,Tucumcari Muni
TCL,Tuscaloosa Rgnl
TCM,Mc Chord Afb
TCS,Truth Or Consequences Muni
TCT,Takotna Airport
TEB,Teterboro
TEK,Tatitlek Airport
TEX,Telluride
TIK,Tinker Afb
TIW,Tacoma Narrows Airport
TIX,Space Coast Reg'l Airport
TKA,Talkeetna
TKE,Tenakee Seaplane Base
TKF,Truckee-Tahoe Airport
TKI,Collin County Regional Airport at Mc Kinney
TLA,Teller Airport
TLH,Tallahassee Rgnl
TLJ,Tatalina Lrrs
TLT,Tuluksak Airport
TMA,Henry Tift Myers Airport
TMB,Kendall Tamiami Executive
TNC,Tin City LRRS Airport
TNK,Tununak Airport
TNT,Dade Collier Training And Transition
TNX,Tonopah Test Range
TOA,Zamperini Field Airport
TOC,Toccoa RG Letourneau Field Airport
TOG,Togiak Airport
TOL,Toledo
TOP,Philip Billard Muni
TPA,Tampa Intl
TPL,Draughon Miller Central Texas Rgnl
TRI,Tri-Cities Regional Airport
TRM,Jacqueline Cochran Regional Airport
TSS,East 34th Street Heliport
TTD,Portland Troutdale
TTN,Trenton Mercer
TUL,Tulsa Intl
TUP,Tupelo Regional Airport
TUS,Tucson Intl
TVC,Cherry Capital Airport
TVF,Thief River Falls
TVI,Thomasville Regional Airport
TVL,Lake Tahoe Airport
TWA,Twin Hills Airport
TWD,Jefferson County Intl
TWF,Magic Valley Regional Airport
TXK,Texarkana Rgnl Webb Fld
TYE,Tyonek Airport
TYR,Tyler Pounds Rgnl
TYS,Mc Ghee Tyson
TZR,Bolton Field
U76,Mountain Home Municipal Airport
UCA,Union Station
UDD,Bermuda Dunes Airport
UDG,Darlington County Jetport
UES,Waukesha County Airport
UGN,Waukegan Rgnl
UIN,Quincy Regional Baldwin Field
UMP,Indianapolis Metropolitan Airport
UNK,Unalakleet Airport
UPP,Upolu
UST,St. Augustine Airport
UT3,Hite Airport
UTM,Tunica Municipal Airport
UTO,Indian Mountain Lrrs
UUK,Ugnu-Kuparuk Airport
UUU,Newport State
UVA,Garner Field
VAD,Moody Afb
VAK,Chevak Airport
VAY,South Jersey Regional Airport
VBG,Vandenberg Afb
VCT,Victoria Regional Airport
VCV,Southern California Logistics
VDF,Tampa Executive Airport
VDZ,Valdez Pioneer Fld
VEE,Venetie Airport
VEL,Vernal Regional Airport
VGT,North Las Vegas Airport
VIS,Visalia Municipal Airport
VLD,Valdosta Regional Airport
VNW,Van Wert County Airport
VNY,Van Nuys
VOK,Volk Fld
VPC,Cartersville Airport
VPS,Eglin Afb
VRB,Vero Beach Muni
VSF,Hartness State
VYS,Illinois Valley Regional
W04,Ocean Shores Municipal
W13,Eagle's Nest Airport
WAA,Wales Airport
WAL,Wallops Flight Facility
WAS,All Airports
WBB,Stebbins Airport
WBQ,Beaver Airport
WBU,Boulder Municipal
WBW,Wilkes-Barre Wyoming Valley Airport
WDR,Barrow County Airport
WFB,Ketchikan harbor Seaplane Base
WFK,Northern Aroostook Regional Airport
WHD,Hyder Seaplane Base
WHP,Whiteman Airport
WIH,Wishram Amtrak Station
WKK,Aleknagik Airport
WKL,Waikoloa Heliport
WLK,Selawik Airport
WMO,White Mountain Airport
WRB,Robins Afb
WRG,Wrangell Airport
WRI,Mc Guire Afb
WRL,Worland Municipal Airport
WSD,Condron Aaf
WSJ,San Juan - Uganik Seaplane Base
WSN,South Naknek Airport
WST,Westerly State Airport
WSX,Westsound Seaplane Base
WTK,Noatak Airport
WTL,Tuntutuliak Airport
WWD,Cape May Co
WWP,North Whale Seaplane Base
WWT,Newtok Airport
WYS,Yellowstone Airport
X01,Everglades Airpark
X04,Apopka
X07,Lake Wales Municipal Airport
X21,Arthur Dunn Airpark
X26,Sebastian Municipal
X39,Tampa North Aero Park
X49,South Lakeland Airport
X59,Valkaria Municipal
XFL,Flagler County Airport
XNA,NW Arkansas Regional
XZK,Amherst Amtrak Station AMM
Y51,Municipal Airport
Y72,Bloyer Field
YAK,Yakutat
YIP,Willow Run
YKM,Yakima Air Terminal McAllister Field
YKN,Chan Gurney
YNG,Youngstown Warren Rgnl
YUM,Yuma Mcas Yuma Intl
Z84,Clear
ZBP,Penn Station
ZFV,Philadelphia 30th St Station
ZPH,Municipal Airport
ZRA,Atlantic City Rail Terminal
ZRD,Train Station
ZRP,Newark Penn Station
ZRT,Hartford Union Station
ZRZ,New Carrollton Rail Station
ZSF,Springfield Amtrak Station
ZSY,Scottsdale Airport
ZTF,Stamford Amtrak Station
ZTY,Boston Back Bay Station
ZUN,Black Rock
ZVE,New Haven Rail Station
ZWI,Wilmington Amtrak Station
ZWU,Washington Union Station
ZYP,Penn Station
